{
  "lstm": {
    "params": 50497,
    "description": "LSTM classifier",
    "accuracy": 0.656370923161968,
    "precision": 0.5830043859649123,
    "recall": 0.8196392785571143,
    "f1": 0.6813609277888127,
    "fpr": 0.4762680025046963,
    "fnr": 0.18036072144288579,
    "tp": 5317,
    "tn": 4182,
    "fp": 3803,
    "fn": 1170,
    "auroc": 0.7022300079181532
  },
  "bilstm": {
    "params": 133761,
    "description": "Bidirectional LSTM classifier",
    "accuracy": 0.6651464897733554,
    "precision": 0.5943211863432578,
    "recall": 0.7969785725296747,
    "f1": 0.680890293691558,
    "fpr": 0.4419536631183469,
    "fnr": 0.20302142747032526,
    "tp": 5170,
    "tn": 4456,
    "fp": 3529,
    "fn": 1317,
    "auroc": 0.712978512296497
  },
  "lstm_transformer": {
    "params": 133441,
    "description": "LSTM + Transformer hybrid",
    "accuracy": 0.6630044223327806,
    "precision": 0.593430826369545,
    "recall": 0.788191768151688,
    "f1": 0.6770840230417798,
    "fpr": 0.43869755792110204,
    "fnr": 0.21180823184831202,
    "tp": 5113,
    "tn": 4482,
    "fp": 3503,
    "fn": 1374,
    "auroc": 0.7092211106862827
  },
  "cnn_bilstm": {
    "params": 178625,
    "description": "CNN + BiLSTM hybrid",
    "accuracy": 0.6635572139303483,
    "precision": 0.5924994283100846,
    "recall": 0.7988284260829351,
    "f1": 0.6803649970458873,
    "fpr": 0.44633688165309954,
    "fnr": 0.2011715739170649,
    "tp": 5182,
    "tn": 4421,
    "fp": 3564,
    "fn": 1305,
    "auroc": 0.7128116065472306
  },
  "transformer": {
    "params": 103233,
    "description": "Pure Transformer classifier",
    "accuracy": 0.6583056937534549,
    "precision": 0.587553940495117,
    "recall": 0.7975951903807615,
    "f1": 0.6766494474596221,
    "fpr": 0.4548528490920476,
    "fnr": 0.20240480961923848,
    "tp": 5174,
    "tn": 4353,
    "fp": 3632,
    "fn": 1313,
    "auroc": 0.7108510745299664
  },
  "mlp": {
    "params": 7361,
    "description": "Multi-layer Perceptron",
    "accuracy": 0.6319789939192925,
    "precision": 0.5617224880382775,
    "recall": 0.8143980268228765,
    "f1": 0.6648628240624215,
    "fpr": 0.5162179085785848,
    "fnr": 0.18560197317712349,
    "tp": 5283,
    "tn": 3863,
    "fp": 4122,
    "fn": 1204,
    "auroc": 0.6987617448663523
  },
  "gru": {
    "params": 37889,
    "description": "GRU classifier",
    "accuracy": 0.6729546710889994,
    "precision": 0.6008509659613616,
    "recall": 0.8054570679821181,
    "f1": 0.688269775406705,
    "fpr": 0.43469004383218535,
    "fnr": 0.19454293201788192,
    "tp": 5225,
    "tn": 4514,
    "fp": 3471,
    "fn": 1262,
    "auroc": 0.7228339825935769
  }
}